,,闵行第二餐厅,闵行第一餐厅,闵行第四餐厅,闵行第三餐厅,徐汇第二餐厅,闵行第五餐厅,闵行第六餐厅,闵行哈乐餐厅,徐汇研究生餐厅,闵行第七餐厅,闵行玉兰苑
12.19,0:59,0,0,0,0,0,0,0,0,0,0,0
12.19,6:4,0,9,0,0,0,0,0,0,0,0,0
12.19,6:9,2,15,0,0,0,0,0,0,0,0,0
12.19,6:14,2,24,0,0,0,0,0,0,0,0,0
12.19,6:19,3,0,37,0,0,0,1,0,0,0,0
12.19,6:24,11,0,48,0,0,0,3,2,0,0,0
12.19,6:29,18,2,58,1,1,0,7,2,0,0,0
12.19,6:34,31,5,58,2,11,0,10,4,0,0,2
12.19,6:39,44,7,57,3,15,0,9,5,0,0,2
12.19,6:44,41,11,49,3,22,0,13,5,0,0,2
12.19,6:49,41,14,55,2,27,0,11,5,0,0,4
12.19,6:54,34,21,72,2,26,0,15,4,0,0,2
12.19,6:59,27,29,75,8,27,0,23,3,0,0,2
12.19,7:4,29,32,75,9,28,0,17,3,0,0,2
12.19,7:9,26,31,62,10,26,0,16,3,0,0,1
12.19,7:14,33,30,59,15,40,0,13,8,0,0,1
12.19,7:19,36,29,56,14,46,0,9,13,0,0,2
12.19,7:24,43,33,60,21,52,0,11,14,0,0,3
12.19,7:29,57,42,77,29,58,0,15,17,0,0,2
12.19,7:34,61,45,93,36,67,0,14,21,0,0,2
12.19,7:39,78,48,98,37,80,0,13,19,0,0,1
12.19,7:44,92,54,115,45,86,0,12,23,0,0,1
12.19,7:49,101,60,121,50,107,0,12,25,0,0,2
12.19,7:54,126,65,123,52,128,0,10,20,0,0,2
12.19,7:59,134,63,130,54,155,0,10,20,0,0,4
12.19,8:4,135,63,146,54,188,0,10,20,0,0,4
12.19,8:9,145,60,157,53,208,0,10,24,0,0,4
12.19,8:14,141,67,168,59,222,0,15,19,0,0,4
12.19,8:19,160,81,186,65,214,0,14,19,0,0,5
12.19,8:24,186,82,206,73,0,227,15,16,0,0,4
12.19,8:29,203,90,204,78,203,0,15,13,0,0,3
12.19,8:34,219,90,218,83,192,0,13,15,0,0,3
12.19,8:39,220,101,233,100,175,0,18,19,0,0,1
12.19,8:44,233,106,225,106,150,0,18,17,0,0,2
12.19,8:49,246,102,227,105,167,0,16,17,0,0,5
12.19,8:54,246,113,214,105,155,2,20,17,0,0,5
12.19,8:59,241,102,205,104,159,3,17,15,0,0,4
12.19,11:4,150,143,183,110,84,7,26,4,10,3,8
12.19,11:9,217,186,235,144,161,8,36,8,18,8,15
12.19,11:14,273,218,305,186,223,18,43,10,18,14,16
12.19,11:19,331,267,392,228,24,61,314,12,21,21,25
12.19,11:24,410,306,264,454,47,66,340,13,27,38,26
12.19,11:29,457,328,294,494,68,89,350,16,28,38,23
12.19,11:34,502,380,324,525,76,99,377,21,40,38,25
12.19,11:39,567,404,353,523,80,85,380,30,51,37,19
12.19,11:44,582,415,524,377,65,100,442,39,20,69,24
12.19,11:49,625,446,548,427,54,108,479,47,23,78,29
12.19,11:54,667,445,584,427,63,129,511,48,21,84,38
12.19,11:59,673,444,429,617,71,144,536,46,22,89,44
12.19,12:4,668,446,448,621,75,142,518,43,31,93,49
12.19,12:9,679,472,435,649,80,138,36,529,42,99,51
12.19,12:14,665,474,455,632,77,136,521,34,43,87,44
12.19,12:19,682,492,440,647,82,133,488,33,43,72,39
12.19,12:24,705,504,422,661,83,127,484,31,57,40,32
12.19,12:29,658,438,409,636,86,113,403,29,33,23,27
12.19,12:34,652,416,384,609,74,91,344,23,31,23,29
12.19,12:39,586,369,385,565,57,288,74,17,21,15,33
12.19,12:44,514,303,475,339,216,55,62,13,14,7,40
12.19,12:49,442,280,408,310,184,38,47,5,11,9,34
12.19,12:54,348,247,344,269,153,28,38,5,6,3,34
12.19,12:59,267,192,265,210,113,21,28,2,6,2,39
12.19,13:4,194,141,206,151,83,10,11,1,3,2,37
12.19,13:9,137,96,145,89,47,5,6,1,3,0,45
12.19,13:14,102,56,96,44,22,4,3,0,1,0,51
12.19,13:19,63,27,60,22,5,2,1,0,0,0,47
12.19,13:24,42,16,36,8,3,0,1,0,0,0,46
12.19,13:29,26,5,16,3,0,0,0,0,0,0,47
12.19,13:34,12,0,5,0,1,0,0,0,0,0,52
12.19,13:39,10,0,1,0,1,0,0,0,0,0,46
12.19,13:44,8,0,0,0,1,0,0,0,0,0,41
12.19,13:49,4,0,0,0,1,0,0,0,0,0,38
12.19,13:54,2,0,0,0,0,0,0,0,0,0,28
12.19,13:59,0,0,0,0,0,0,0,0,0,0,28
12.19,17:0,225,153,156,74,129,11,14,6,1,5,14
12.19,17:5,299,191,191,99,176,27,27,7,2,13,16
12.19,17:10,384,243,284,144,247,30,50,12,11,18,19
12.19,17:15,473,321,193,393,41,305,77,19,18,18,22
12.19,17:20,573,225,400,479,63,377,128,28,23,29,23
12.19,17:25,694,270,479,575,75,152,443,42,28,25,30
12.19,17:30,752,295,530,579,97,168,453,50,26,26,27
12.19,17:35,795,276,565,568,110,189,470,52,25,23,27
12.19,17:40,832,331,588,577,121,203,458,50,23,24,32
12.19,17:45,805,355,574,607,139,432,212,48,23,26,39
12.19,17:50,800,372,579,628,148,421,215,50,20,27,45
12.19,17:55,781,578,415,599,153,384,198,45,19,29,44
12.19,18:0,730,570,381,593,361,153,181,41,17,23,46
12.19,18:5,689,549,367,550,322,128,176,33,12,16,35
12.19,18:10,679,318,513,545,294,121,165,22,10,11,33
12.19,18:15,654,298,518,520,288,105,146,19,5,11,37
12.19,18:20,617,278,479,504,267,100,123,17,5,10,38
12.19,18:25,569,242,449,485,241,101,102,14,4,10,36
12.19,18:30,487,402,241,449,196,94,82,16,2,7,33
12.19,18:35,406,347,209,389,142,88,75,13,2,4,33
12.19,18:40,365,288,319,187,103,62,52,10,1,4,34
12.19,18:45,312,238,257,149,77,48,28,6,0,4,46
12.19,18:50,259,201,200,110,72,32,19,1,0,5,56
12.19,18:55,204,165,161,79,61,21,8,2,0,4,55
12.19,19:0,150,121,120,52,47,17,4,1,0,3,51
12.19,19:5,108,87,83,56,35,2,3,1,0,2,48
12.19,19:10,73,47,53,43,16,0,1,1,0,0,44
12.19,19:15,45,22,33,32,5,0,0,0,0,0,40
12.19,19:20,25,12,18,26,0,0,0,0,0,0,39
12.19,19:25,11,1,11,0,2,0,0,0,0,0,30
12.19,19:30,6,0,9,0,2,0,0,0,0,0,29
12.19,19:35,0,0,3,0,2,0,0,0,0,0,37
12.19,19:40,0,0,0,0,2,0,0,0,0,0,39
12.19,19:45,0,0,0,0,0,0,0,0,0,0,41
12.19,19:50,0,0,0,0,0,0,0,0,0,0,38
12.19,19:55,0,0,0,0,0,0,0,0,0,0,32
12.20,6:1,1,5,0,0,0,0,0,0,0,0,0
12.20,6:6,1,7,0,0,0,0,0,0,0,0,0
12.20,6:11,1,16,0,0,0,0,0,0,0,0,0
12.20,6:16,1,15,2,0,0,0,3,0,0,0,0
12.20,6:21,4,23,3,0,0,0,4,0,0,0,0
12.20,6:26,11,5,38,1,0,0,6,2,0,0,0
12.20,6:31,24,8,41,1,9,0,10,2,0,0,0
12.20,6:36,35,9,50,2,14,0,7,2,0,0,0
12.20,6:41,37,13,54,3,19,0,9,3,0,0,0
12.20,6:46,39,21,58,2,28,0,17,2,0,0,0
12.20,6:51,45,27,65,4,36,0,25,5,0,0,2
12.20,6:56,51,34,82,8,37,0,33,6,0,0,3
12.20,7:1,64,41,110,8,45,0,37,10,0,0,3
12.20,7:6,93,41,114,13,37,0,32,15,0,0,3
12.20,7:11,115,40,130,24,27,0,29,20,0,0,2
12.20,7:16,150,48,145,24,33,0,27,31,0,0,3
12.20,7:21,214,55,176,33,37,0,24,31,0,0,5
12.20,7:26,250,71,226,37,55,0,28,45,0,0,5
12.20,7:31,345,96,42,284,61,0,31,67,0,0,4
12.20,7:36,444,124,57,361,76,0,39,83,0,0,2
12.20,7:41,550,153,75,445,96,0,46,0,0,129,0
12.20,7:46,637,174,125,515,112,0,45,0,0,148,1
12.20,7:51,662,184,163,597,143,0,49,0,0,4,169
12.20,7:56,605,174,185,603,152,0,55,0,0,4,186
12.20,8:1,473,168,192,532,166,1,60,0,0,4,159
12.20,8:6,345,175,155,419,176,1,72,0,118,0,6
12.20,8:11,254,183,317,133,172,1,74,70,0,0,3
12.20,8:16,202,211,247,128,174,1,84,29,0,0,3
12.20,8:21,200,220,224,143,167,0,95,12,0,0,4
12.20,8:26,188,219,222,146,174,0,91,8,0,0,3
12.20,8:31,187,211,229,175,192,1,96,9,0,0,5
12.20,8:36,197,215,197,168,216,1,90,9,0,0,7
12.20,8:41,209,195,222,172,1,231,88,7,0,0,6
12.20,8:46,221,192,232,187,2,235,94,8,0,0,6
12.20,8:51,223,184,259,191,1,237,98,9,0,0,5
12.20,8:56,230,182,266,218,4,240,87,10,0,0,5
12.20,11:1,207,128,183,90,101,3,41,14,10,11,12
12.20,11:6,290,213,240,119,181,13,78,26,25,28,14
12.20,11:11,399,293,187,383,45,275,141,32,36,46,14
12.20,11:16,497,406,253,523,88,387,197,40,47,18,74
12.20,11:21,619,515,327,662,126,448,290,53,47,23,111
12.20,11:26,745,599,441,804,157,461,54,366,39,26,136
12.20,11:31,870,684,518,175,926,502,72,43,425,33,161
12.20,11:36,930,799,622,201,973,539,95,53,29,474,172
12.20,11:41,1021,722,932,234,1025,569,118,63,30,480,176
12.20,11:46,1141,749,275,1033,1124,618,162,83,33,476,190
12.20,11:51,1415,813,286,1018,629,85,33,207,514,194,1359
12.20,11:56,1565,296,1026,863,626,85,39,234,527,196,1460
12.20,12:1,1600,996,300,860,620,87,37,236,526,193,1493
12.20,12:6,1490,968,832,293,587,79,30,201,1280,529,171
12.20,12:11,1236,725,906,1005,314,551,149,36,93,513,158
12.20,12:16,1112,788,601,852,501,306,104,84,35,480,143
12.20,12:22,965,576,495,807,429,292,67,69,32,431,129
12.20,12:27,902,515,479,748,405,280,55,363,47,36,119
12.20,12:32,823,476,450,684,360,227,36,307,34,38,118
12.20,12:37,760,439,418,605,332,189,253,26,30,39,102
12.20,12:42,681,398,500,377,296,134,211,22,29,42,83
12.20,12:47,548,344,403,324,252,106,165,17,25,66,42
12.20,12:52,433,288,304,268,235,98,105,14,22,42,33
12.20,12:57,360,229,240,216,191,70,67,11,18,26,35
12.20,13:2,256,161,179,157,151,49,35,6,13,12,33
12.20,13:7,196,103,130,108,95,27,15,1,9,3,35
12.20,13:12,143,68,90,62,36,13,11,1,6,1,41
12.20,13:17,63,35,46,28,22,5,5,0,2,0,39
12.20,13:22,40,15,14,14,9,1,2,0,0,0,49
12.20,13:27,25,11,4,1,4,0,1,0,0,0,48
12.20,13:32,16,6,4,0,3,0,0,0,0,0,44
12.20,13:37,7,5,4,0,0,0,0,0,0,0,47
12.20,13:42,3,4,1,0,0,0,0,0,0,0,37
12.20,13:47,1,1,1,0,0,0,0,0,0,0,28
12.20,13:52,0,0,0,0,0,0,0,0,0,0,22
12.20,13:57,0,0,0,0,0,0,0,0,0,0,16
12.20,17:2,406,209,281,96,161,24,77,14,4,10,19
12.20,17:7,539,131,314,372,208,37,113,27,11,19,22
12.20,17:12,641,187,470,510,264,54,169,31,17,35,25
12.20,17:17,802,275,589,651,96,321,241,44,23,53,30
12.20,17:22,984,397,734,825,348,147,66,310,27,37,74
12.20,17:27,1129,502,807,401,191,972,73,24,367,48,93
12.20,17:32,1272,577,856,212,449,96,1122,26,420,53,96
12.20,17:37,1346,595,214,936,479,106,25,427,55,1222,104
12.20,17:42,1327,560,183,902,501,20,118,1191,421,50,102
12.20,17:47,1329,516,182,913,514,21,136,416,45,1215,98
12.20,17:52,1282,483,885,193,500,16,149,399,1194,40,92
12.20,17:57,1193,445,802,179,484,11,1122,146,398,33,86
12.20,18:2,1062,429,704,157,437,994,12,116,367,30,77
12.20,18:7,913,410,643,855,147,386,82,327,12,39,77
12.20,18:12,780,366,560,679,337,122,41,302,12,38,73
12.20,18:17,675,344,537,571,291,106,24,269,19,60,46
12.20,18:22,628,518,330,528,270,97,242,18,20,52,47
12.20,18:27,550,443,266,476,224,71,231,12,16,34,35
12.20,18:32,498,387,231,442,189,47,184,10,14,24,35
12.20,18:37,425,314,354,186,157,29,131,5,7,16,34
12.20,18:42,351,249,280,141,125,20,85,5,2,7,31
12.20,18:47,286,198,220,126,112,20,52,6,1,4,31
12.20,18:52,230,148,167,105,87,17,30,4,1,3,28
12.20,18:57,172,103,116,73,70,11,19,3,0,4,29
12.20,19:2,113,65,79,42,44,5,13,3,0,3,28
12.20,19:7,88,46,57,19,26,2,6,2,0,2,30
12.20,19:12,49,23,32,8,16,0,2,2,0,2,38
12.20,19:17,27,13,16,5,4,0,0,1,0,0,32
12.20,19:22,13,7,10,1,3,0,0,0,0,0,31
12.20,19:27,2,1,6,0,0,0,0,0,0,0,30
12.20,19:32,1,0,3,0,0,0,0,0,0,0,21
12.20,19:37,0,0,0,0,0,0,0,0,0,0,26
12.20,19:42,0,0,0,0,0,0,0,0,0,0,29
12.20,19:47,0,0,0,0,0,0,0,0,0,0,32
12.20,19:52,0,0,0,0,0,0,0,0,0,0,36
12.20,19:57,0,0,0,0,0,0,21,0,0,0,41
12.21,6:3,0,10,0,0,0,0,0,0,0,0,0
12.21,6:8,0,16,0,0,0,0,0,1,0,0,0
12.21,6:13,0,26,2,0,0,0,0,2,0,0,0
12.21,6:18,0,2,33,0,0,0,1,2,0,0,0
12.21,6:23,0,3,42,0,0,0,4,4,0,0,1
12.21,6:28,12,3,48,2,0,0,6,4,0,0,3
12.21,6:33,22,3,55,5,9,0,8,5,0,0,3
12.21,6:38,36,11,52,7,19,0,11,6,0,0,3
12.21,6:43,50,44,19,8,27,0,13,6,0,0,2
12.21,6:48,53,45,26,7,36,0,19,6,0,0,1
12.21,6:53,53,44,35,7,35,0,25,4,0,0,3
12.21,6:58,62,41,72,7,31,0,29,4,0,0,3
12.21,7:3,79,57,103,12,28,0,32,4,0,0,3
12.21,7:8,87,69,135,18,26,0,41,14,0,0,2
12.21,7:13,122,74,163,23,23,0,43,19,0,0,1
12.21,7:18,167,81,191,35,26,0,45,27,0,0,2
12.21,7:23,204,82,224,42,38,0,44,33,0,0,3
12.21,7:28,295,93,47,267,39,0,34,34,0,0,5
12.21,7:33,417,103,61,303,47,0,37,56,0,0,4
12.21,7:38,516,119,82,348,64,0,34,80,0,0,5
12.21,7:43,648,126,104,440,91,0,40,0,0,120,5
12.21,7:48,718,130,127,507,122,0,45,0,0,153,4
12.21,7:53,716,138,134,569,150,0,45,0,0,6,170
12.21,7:58,653,145,129,564,160,0,48,0,0,4,169
12.21,8:3,513,157,126,475,167,1,44,0,0,136,5
12.21,8:8,376,169,126,383,166,1,51,0,99,0,5
12.21,8:13,272,185,295,126,156,1,63,57,0,0,5
12.21,8:18,220,199,237,136,161,1,72,25,0,0,4
12.21,8:23,228,201,277,158,177,1,97,21,0,0,4
12.21,8:28,247,222,293,189,193,2,101,16,0,0,6
12.21,8:33,256,230,310,188,217,2,99,18,0,0,10
12.21,8:38,282,227,317,197,5,244,100,18,0,0,13
12.21,8:43,293,227,300,177,4,232,88,17,0,0,15
12.21,8:48,310,209,295,181,3,227,82,18,0,0,14
12.21,8:53,316,187,301,196,4,234,91,17,0,0,10
12.21,8:58,311,180,300,192,224,2,81,16,0,0,8
12.21,11:3,369,207,217,136,104,19,55,11,13,7,24
12.21,11:8,467,287,317,195,202,40,93,17,27,20,28
12.21,11:13,568,366,268,462,69,301,143,22,39,51,34
12.21,11:18,650,471,372,590,119,398,213,29,41,35,81
12.21,11:23,753,622,496,724,165,459,35,314,40,38,121
12.21,11:28,862,765,601,778,187,440,46,38,394,36,132
12.21,11:33,937,802,692,917,196,435,57,45,35,445,132
12.21,11:38,1080,868,204,758,484,1062,80,67,32,142,509
12.21,11:43,1217,207,927,841,537,124,75,34,1237,502,158
12.21,11:48,1370,210,1001,845,597,184,87,40,508,182,1379
12.21,11:53,1598,239,1055,890,649,92,53,236,517,200,1518
12.21,11:58,1605,261,1023,879,648,77,54,252,502,205,1491
12.21,12:3,1514,257,983,822,621,94,208,57,467,1321,199
12.21,12:8,1360,923,783,277,1075,593,142,98,55,457,187
12.21,12:13,1155,811,666,837,271,556,82,408,92,44,173
12.21,12:18,1004,658,777,626,245,497,45,350,82,49,147
12.21,12:23,949,581,715,584,452,234,41,342,59,42,112
12.21,12:28,845,495,637,551,366,189,33,282,36,38,79
12.21,12:33,746,444,585,538,319,146,253,24,22,64,46
12.21,12:38,644,373,498,462,271,121,208,21,23,49,49
12.21,12:43,559,302,394,358,220,96,153,19,15,43,48
12.21,12:48,501,272,331,300,216,79,116,16,14,36,48
12.21,12:53,416,218,268,242,186,64,67,13,13,25,51
12.21,12:58,345,176,229,220,177,50,45,5,9,17,45
12.21,13:3,261,118,182,191,153,29,31,2,8,7,48
12.21,13:8,171,87,127,143,106,23,15,1,5,3,58
12.21,13:13,120,48,77,87,72,16,6,0,4,0,50
12.21,13:18,90,29,38,39,34,6,0,0,1,0,50
12.21,13:23,59,20,11,15,10,0,0,0,0,0,48
12.21,13:28,36,10,7,6,4,0,0,0,0,0,45
12.21,13:33,20,7,5,2,2,0,0,0,0,0,57
12.21,13:38,9,3,4,0,1,0,0,0,0,0,51
12.21,13:43,3,2,1,0,0,0,0,0,0,0,43
12.21,13:48,2,2,0,0,1,0,0,0,0,0,35
12.21,13:53,1,1,0,0,1,0,0,0,0,0,19
12.21,13:58,0,0,0,0,1,0,0,0,0,0,16
12.21,17:3,451,191,293,198,144,45,64,18,9,5,31
12.21,17:8,564,297,398,273,231,75,115,21,18,13,43
12.21,17:13,699,430,515,359,306,101,189,26,23,24,51
12.21,17:18,876,555,446,670,134,370,263,31,24,34,49
12.21,17:23,1031,672,537,844,191,432,35,332,23,60,62
12.21,17:28,1133,725,588,931,206,446,53,352,20,73,52
12.21,17:33,1227,742,599,218,452,1031,61,18,357,44,80
12.21,17:38,1198,759,614,230,454,1050,84,14,355,42,88
12.21,17:43,1204,750,590,220,489,1076,103,353,20,37,71
12.21,17:48,1188,706,560,195,474,1092,354,16,117,66,37
12.21,17:53,1121,677,537,181,472,1061,13,360,129,56,43
12.21,17:58,1062,460,645,125,412,968,339,103,11,42,38
12.21,18:3,946,447,620,114,865,361,73,323,7,45,41
12.21,18:8,837,607,446,749,324,121,40,314,5,42,43
12.21,18:13,766,544,617,421,261,100,16,267,5,44,44
12.21,18:18,681,456,538,414,237,104,238,13,7,40,43
12.21,18:23,586,410,510,389,194,93,193,11,6,37,41
12.21,18:28,516,365,455,321,152,78,173,7,7,29,39
12.21,18:33,423,330,426,295,130,67,143,5,5,20,35
12.21,18:38,358,284,386,230,108,59,117,1,2,18,36
12.21,18:44,354,227,314,197,98,45,85,0,2,5,32
12.21,18:49,288,178,253,162,80,30,41,0,1,4,27
12.21,18:54,254,135,206,127,68,26,32,0,1,6,27
12.21,18:59,194,110,143,91,59,9,17,0,1,2,22
12.21,19:4,111,82,74,48,45,3,8,0,0,2,30
12.21,19:9,86,40,52,19,25,0,4,0,0,2,30
12.21,19:14,47,18,26,2,15,0,0,0,0,0,32
12.21,19:19,20,7,11,1,5,0,0,0,0,0,38
12.21,19:24,15,3,6,0,1,0,0,0,0,0,34
12.21,19:29,11,1,2,0,1,0,0,0,0,0,38
12.21,19:34,7,0,0,0,1,0,0,0,0,0,34
12.21,19:39,6,0,0,0,0,0,0,0,0,0,30
12.21,19:44,1,0,0,0,0,0,0,0,0,0,26
12.21,19:49,1,0,0,0,0,0,0,0,0,0,30
12.21,19:54,0,0,0,0,0,0,12,0,0,0,31
12.21,19:59,0,0,0,0,0,0,25,0,0,0,33
12.22,6:4,0,9,0,0,0,0,0,0,0,0,0
12.22,6:9,0,12,0,0,0,0,0,0,0,0,0
12.22,6:14,0,14,1,0,0,0,0,0,0,0,0
12.22,6:19,0,23,2,0,0,0,0,0,0,0,0
12.22,6:24,4,29,5,2,0,0,4,1,0,0,0
12.22,6:29,17,5,39,3,0,0,5,2,0,0,0
12.22,6:34,27,9,40,3,15,0,7,2,0,0,0
12.22,6:39,36,40,15,3,20,0,11,6,0,0,0
12.22,6:44,46,36,20,2,25,0,14,5,0,0,1
12.22,6:49,43,41,37,4,37,0,22,4,0,0,2
12.22,6:54,44,56,44,5,36,0,24,4,0,0,2
12.22,6:59,50,48,76,9,37,0,35,3,0,0,2
12.22,7:4,64,52,104,13,43,0,33,9,0,0,1
12.22,7:9,106,46,125,15,40,0,34,14,0,0,0
12.22,7:14,156,52,147,25,38,0,42,18,0,0,0
12.22,7:19,198,57,188,29,41,0,29,22,0,0,3
12.22,7:24,251,64,226,31,59,0,33,22,0,0,3
12.22,7:29,313,77,47,273,57,0,33,36,0,0,3
12.22,7:34,403,86,76,327,68,0,39,52,0,0,3
12.22,7:39,525,107,105,375,87,1,49,67,0,0,0
12.22,7:44,647,126,150,461,98,2,57,0,102,0,2
12.22,7:49,731,144,190,505,143,5,62,0,0,121,4
12.22,7:54,716,155,215,539,172,5,66,0,0,129,7
12.22,7:59,617,140,201,518,181,4,64,0,0,122,9
12.22,8:4,470,160,177,445,181,3,66,93,0,0,8
12.22,8:9,335,160,145,373,184,0,78,57,0,0,7
12.22,8:14,269,175,306,121,189,0,88,34,0,0,7
12.22,8:19,249,194,244,140,195,0,98,19,0,0,8
12.22,8:24,246,202,239,151,200,0,107,11,0,0,8
12.22,8:29,231,206,253,167,199,0,106,9,0,0,8
12.22,8:34,223,237,266,164,216,0,99,8,0,0,8
12.22,8:39,235,237,288,155,222,0,97,11,0,0,5
12.22,8:44,252,255,307,193,0,229,87,14,0,0,7
12.22,8:49,260,242,315,202,0,234,81,14,0,0,7
12.22,8:54,261,208,307,207,1,228,82,13,0,0,7
12.22,8:59,247,191,300,209,218,1,74,9,0,0,9
12.22,11:4,291,158,219,130,146,12,63,11,24,12,18
12.22,11:9,421,254,329,185,247,31,103,21,38,42,24
12.22,11:14,540,387,234,434,61,337,170,24,45,26,69
12.22,11:19,629,288,513,520,101,409,242,40,50,26,98
12.22,11:24,733,393,631,656,154,441,54,314,50,30,110
12.22,11:29,841,478,759,769,192,477,69,53,397,37,124
12.22,11:34,946,557,853,842,201,516,89,73,36,438,137
12.22,11:39,1038,654,218,947,991,553,116,89,42,474,148
12.22,11:44,1098,695,236,994,1090,576,159,44,103,502,165
12.22,11:49,1279,751,255,1021,616,36,100,203,1249,510,172
12.22,11:54,1431,828,296,1073,628,95,51,242,540,189,1343
12.22,11:59,1516,839,306,1071,646,92,40,229,1308,183,561
12.22,12:4,1514,817,288,1030,642,1171,184,87,38,181,545
12.22,12:9,1349,957,781,960,295,606,131,47,112,512,175
12.22,12:14,1149,734,873,728,270,556,76,40,96,463,148
12.22,12:19,1033,585,783,664,240,464,50,390,76,46,144
12.22,12:24,941,550,699,627,414,225,30,335,60,45,120
12.22,12:30,849,511,672,589,368,182,22,289,31,45,97
12.22,12:35,772,492,612,499,311,150,199,17,21,44,90
12.22,12:40,649,426,513,415,267,106,142,16,18,40,73
12.22,12:45,561,375,435,344,226,81,98,14,13,57,43
12.22,12:50,476,301,341,262,169,57,66,12,10,32,37
12.22,12:55,402,235,289,196,133,41,48,12,9,19,42
12.22,13:0,324,172,237,134,106,31,28,7,8,5,39
12.22,13:5,270,132,183,90,70,15,13,6,2,4,45
12.22,13:10,184,83,126,55,43,9,4,3,2,0,45
12.22,13:15,116,54,65,30,24,4,2,0,1,0,34
12.22,13:20,74,34,26,14,2,2,0,0,0,0,39
12.22,13:25,45,20,11,5,1,0,0,0,0,0,31
12.22,13:30,38,7,4,0,2,0,0,0,0,0,38
12.22,13:35,25,1,2,0,1,0,0,0,0,0,48
12.22,13:40,12,1,2,0,1,0,0,0,0,0,45
12.22,13:45,5,0,0,0,1,0,0,0,0,0,38
12.22,13:50,2,0,0,0,0,0,0,0,0,0,30
12.22,13:55,2,0,0,0,0,0,0,0,0,0,23
12.22,17:0,312,188,167,115,122,35,47,7,3,15,12
12.22,17:5,473,254,295,143,182,57,91,13,6,18,14
12.22,17:10,692,200,372,437,253,78,131,25,14,26,24
12.22,17:15,916,305,492,608,96,324,206,41,19,32,30
12.22,17:20,1135,381,623,792,123,395,56,306,28,58,38
12.22,17:25,1245,462,753,129,914,441,76,354,26,78,46
12.22,17:30,1305,518,830,159,476,1049,93,25,395,39,97
12.22,17:35,1341,507,854,175,488,1100,105,18,406,50,101
12.22,17:40,504,1346,865,180,512,17,123,1144,404,55,97
12.22,17:45,1306,501,785,194,495,1105,20,123,397,54,100
12.22,17:50,1237,472,767,195,984,498,108,14,388,61,99
12.22,17:55,1087,450,698,851,192,479,83,13,354,50,92
12.22,18:0,956,431,660,726,196,436,58,323,16,48,81
12.22,18:5,836,376,592,637,174,397,36,301,17,60,48
12.22,18:10,767,536,374,574,334,163,254,26,17,39,38
12.22,18:15,702,547,527,363,302,149,244,17,16,40,37
12.22,18:20,637,327,525,516,276,133,216,12,9,38,35
12.22,18:25,567,475,294,513,240,123,196,8,4,34,34
12.22,18:30,523,253,450,487,208,111,188,8,3,31,46
12.22,18:35,451,374,199,408,163,90,151,7,2,19,42
12.22,18:40,403,319,318,175,119,62,121,6,3,12,41
12.22,18:45,321,241,274,159,95,39,72,6,3,11,33
12.22,18:50,250,185,230,142,80,28,51,4,3,7,34
12.22,18:55,206,175,155,123,63,15,35,2,2,5,36
12.22,19:0,138,118,124,84,53,13,18,0,0,3,35
12.22,19:5,98,70,89,55,38,4,13,0,0,0,42
12.22,19:10,56,41,57,17,22,2,2,0,0,0,42
12.22,19:15,21,22,30,4,11,0,0,0,0,0,47
12.22,19:20,5,9,13,1,3,0,0,0,0,0,45
12.22,19:25,4,1,12,1,1,0,0,0,0,0,42
12.22,19:30,0,1,7,0,1,0,0,0,0,0,46
12.22,19:35,0,0,1,0,1,0,0,0,0,0,38
12.22,19:40,0,0,1,0,1,0,0,0,0,0,40
12.22,19:45,0,0,0,0,1,0,0,0,0,0,35
12.22,19:50,0,0,0,0,1,0,0,0,0,0,25
12.22,19:55,0,0,0,0,1,0,14,0,0,0,28
12.23,6:1,0,11,0,0,0,0,0,0,0,0,0
12.23,6:6,0,19,0,0,0,0,0,0,0,0,0
12.23,6:11,0,21,0,0,0,0,1,0,0,0,0
12.23,6:16,0,0,28,0,0,0,5,0,0,0,0
12.23,6:21,0,0,32,0,0,0,6,1,0,0,0
12.23,6:26,8,5,33,1,0,0,7,4,0,0,0
12.23,6:31,27,9,42,1,7,0,6,5,0,0,1
12.23,6:36,41,13,47,2,14,0,6,6,0,0,4
12.23,6:41,55,23,50,2,23,0,11,9,0,0,4
12.23,6:46,57,27,59,4,28,0,12,7,0,0,4
12.23,6:51,49,58,36,7,35,0,22,7,0,0,3
12.23,6:56,51,68,45,9,40,0,22,8,0,0,0
12.23,7:1,64,51,79,13,41,0,21,6,0,0,0
12.23,7:6,91,55,94,11,41,0,25,11,0,0,0
12.23,7:11,124,59,121,13,37,0,27,13,0,0,0
12.23,7:16,161,67,134,11,42,0,27,21,0,0,1
12.23,7:21,196,77,171,11,49,0,31,31,0,0,4
12.23,7:26,248,92,18,217,59,0,34,41,0,0,5
12.23,7:31,323,116,21,260,62,0,38,64,0,0,9
12.23,7:36,430,147,81,330,71,0,44,80,0,0,10
12.23,7:41,553,157,131,420,81,0,50,0,105,0,7
12.23,7:46,673,171,162,502,108,0,51,0,0,145,10
12.23,7:51,734,158,197,561,146,0,53,0,0,7,165
12.23,7:56,732,133,174,571,185,0,57,0,0,5,178
12.23,8:1,595,139,156,512,218,0,54,0,0,153,6
12.23,8:6,444,135,147,402,0,227,61,0,111,0,3
12.23,8:11,309,153,327,150,0,232,68,66,0,0,3
12.23,8:16,230,180,257,146,0,243,74,29,0,0,6
12.23,8:21,224,191,227,167,0,255,90,20,0,0,6
12.23,8:26,247,209,270,176,0,263,91,12,0,0,7
12.23,8:31,234,219,260,177,0,262,97,11,0,0,6
12.23,8:36,224,209,280,184,0,254,94,11,0,0,7
12.23,8:41,225,220,279,177,1,246,78,6,0,0,8
12.23,8:46,206,227,257,190,1,240,79,6,0,0,10
12.23,8:51,227,227,256,178,223,3,68,9,0,0,11
12.23,8:56,252,211,247,200,4,234,75,8,0,0,11
12.23,11:1,284,166,187,104,100,14,47,10,14,14,14
12.23,11:6,393,233,277,149,182,25,71,19,21,31,22
12.23,11:11,515,286,202,422,263,57,122,20,34,45,30
12.23,11:16,555,383,228,573,92,355,193,22,40,63,32
12.23,11:21,660,461,318,709,118,423,31,276,45,34,75
12.23,11:26,778,560,394,814,158,453,45,360,50,33,80
12.23,11:31,902,672,493,860,167,475,60,59,32,433,99
12.23,11:36,1046,776,615,187,909,505,71,74,43,115,479
12.23,11:41,1173,696,919,241,987,557,81,82,48,494,152
12.23,11:46,1254,767,273,1043,1081,593,116,88,53,507,179
12.23,11:51,1395,820,320,1092,642,181,87,61,1286,520,194
12.23,11:56,1463,343,919,1118,76,668,56,246,529,218,1397
12.23,12:1,1393,887,345,1079,657,81,56,262,535,216,1375
12.23,12:6,1264,1029,329,889,633,1183,96,49,214,512,219
12.23,12:11,1070,931,833,290,1014,588,148,42,103,447,206
12.23,12:16,963,704,722,944,279,531,80,401,39,94,171
12.23,12:21,882,583,684,913,241,479,56,359,80,34,143
12.23,12:26,852,533,611,836,415,209,294,54,48,28,107
12.23,12:31,775,496,695,557,369,195,269,42,28,33,84
12.23,12:36,637,482,608,460,316,158,210,31,29,65,36
12.23,12:41,544,413,492,392,255,128,159,19,24,46,39
12.23,12:46,440,346,424,332,204,97,129,6,20,36,42
12.23,12:51,378,310,361,282,171,74,82,3,15,26,39
12.23,12:56,336,240,291,244,136,52,64,2,9,19,37
12.23,13:1,267,168,216,185,103,33,39,0,5,9,32
12.23,13:6,190,120,157,124,72,25,19,0,5,6,37
12.23,13:11,113,59,94,64,39,15,14,0,4,0,39
12.23,13:16,52,27,53,21,26,5,4,0,3,0,36
12.23,13:21,31,14,26,4,16,2,1,0,2,0,35
12.23,13:26,21,10,13,2,6,0,0,0,0,0,39
12.23,13:31,9,5,9,1,5,0,0,0,0,0,30
12.23,13:36,6,2,7,0,2,0,0,0,0,0,33
12.23,13:41,2,1,3,0,2,0,0,0,0,0,33
12.23,13:46,0,0,1,0,1,0,0,0,0,0,28
12.23,13:51,0,0,0,0,1,0,0,0,0,0,38
12.23,13:56,0,0,0,0,1,0,0,0,0,0,29
12.23,17:2,389,222,206,100,145,33,44,14,6,18,15
12.23,17:7,515,274,336,149,220,45,94,24,12,30,24
12.23,17:12,627,198,382,447,298,82,133,33,19,37,31
12.23,17:17,825,253,515,611,110,382,215,47,27,49,29
12.23,17:22,981,344,649,769,173,451,292,59,33,66,41
12.23,17:27,1117,417,740,861,197,490,76,334,33,42,77
12.23,17:32,1218,474,789,940,213,522,103,25,369,41,89
12.23,17:37,1167,522,829,235,999,519,117,22,375,45,93
12.23,17:42,1192,521,830,222,511,1044,20,374,138,34,89
12.23,17:47,1151,525,836,214,493,1104,17,374,150,38,92
12.23,17:52,1155,512,797,199,480,20,1135,373,151,35,79
12.23,17:57,1116,497,733,167,445,1022,340,17,138,34,67
12.23,18:2,970,479,724,160,418,942,329,102,15,63,48
12.23,18:7,870,424,652,775,378,172,280,64,15,44,40
12.23,18:12,704,382,613,652,343,172,255,38,8,39,49
12.23,18:17,613,349,599,582,307,196,218,22,6,39,48
12.23,18:22,573,304,515,507,263,172,196,21,5,35,39
12.23,18:27,517,449,441,277,233,138,170,16,2,28,40
12.23,18:32,474,387,394,229,187,128,142,9,2,24,42
12.23,18:37,438,353,161,340,159,78,119,4,2,16,43
12.23,18:42,377,283,285,120,120,56,75,1,3,9,31
12.23,18:47,337,244,243,98,91,45,54,0,3,9,31
12.23,18:52,290,206,192,85,68,28,39,0,4,6,31
12.23,18:57,224,142,135,60,36,16,29,0,4,4,29
12.23,19:2,167,103,91,42,19,8,20,0,2,3,32
12.23,19:7,115,67,60,19,9,4,11,0,2,0,33
12.23,19:12,58,33,41,6,2,2,7,0,1,0,36
12.23,19:17,31,16,22,4,0,0,0,0,0,0,41
12.23,19:22,14,6,9,0,0,0,0,0,0,0,48
12.23,19:27,6,2,5,0,0,0,0,0,0,0,49
12.23,19:32,3,1,3,0,0,0,0,0,0,0,49
12.23,19:37,1,0,1,0,0,0,0,0,0,0,50
12.23,19:42,0,0,0,0,0,0,0,0,0,0,40
12.23,19:47,0,0,0,0,0,0,0,0,0,0,39
12.23,19:52,0,0,0,0,0,0,0,0,0,0,33
12.23,19:57,0,0,0,0,0,0,12,0,0,0,32
12.24,6:2,0,8,0,0,0,0,0,0,0,0,0
12.24,6:7,0,7,0,0,0,0,0,0,0,0,0
12.24,6:12,0,16,0,0,0,0,0,0,0,0,0
12.24,6:17,0,17,0,0,0,0,1,1,0,0,0
12.24,6:22,6,2,35,0,0,0,2,1,0,0,0
12.24,6:27,12,6,44,0,0,0,5,6,0,0,0
12.24,6:32,25,6,49,0,14,0,6,6,0,0,0
12.24,6:37,38,11,59,2,21,0,9,5,0,0,0
12.24,6:42,46,17,46,2,28,0,10,6,0,0,0
12.24,6:47,50,19,50,2,39,0,12,2,0,0,1
12.24,6:52,48,52,35,9,35,0,15,3,0,0,3
12.24,6:57,51,61,40,10,37,0,21,3,0,0,4
12.24,7:2,58,49,78,13,37,0,26,6,0,0,5
12.24,7:7,92,51,103,18,43,0,31,9,0,0,4
12.24,7:12,125,46,122,16,43,0,34,12,0,0,2
12.24,7:17,169,51,161,19,50,0,28,16,0,0,1
12.24,7:22,201,54,200,26,65,0,28,30,0,0,1
12.24,7:27,250,77,41,243,62,0,29,34,0,0,5
12.24,7:32,308,85,47,286,68,0,35,42,0,0,8
12.24,7:37,389,96,68,347,79,0,40,53,0,0,10
12.24,7:42,482,104,94,426,88,0,49,62,0,0,10
12.24,7:47,530,109,119,482,118,0,50,84,0,0,7
12.24,7:52,537,137,143,512,149,0,58,0,101,0,4
12.24,7:57,476,146,156,487,173,0,58,0,101,0,4
12.24,8:2,388,159,139,378,191,3,60,89,0,0,3
12.24,8:7,319,188,318,126,195,3,66,69,0,0,4
12.24,8:12,276,198,270,135,206,4,73,48,0,0,7
12.24,8:17,237,209,237,129,221,5,88,34,0,0,5
12.24,8:23,250,210,245,142,2,237,97,25,0,0,9
12.24,8:28,235,210,251,168,2,244,101,19,0,0,7
12.24,8:33,248,200,262,165,1,258,102,12,0,0,12
12.24,8:38,262,211,285,199,1,254,95,17,0,0,13
12.24,8:43,265,200,303,192,2,259,95,18,0,0,16
12.24,8:48,302,197,306,198,2,249,89,17,0,0,16
12.24,8:53,290,196,292,194,3,236,80,18,0,0,11
12.24,8:58,284,180,277,164,2,228,76,13,0,0,16
12.24,11:3,195,141,243,90,85,7,52,9,12,12,13
12.24,11:8,332,207,137,345,180,21,79,12,22,35,23
12.24,11:13,454,318,189,483,262,43,119,27,40,25,63
12.24,11:18,573,450,277,584,74,337,180,36,47,36,96
12.24,11:23,714,531,336,692,119,408,249,43,47,40,116
12.24,11:28,805,410,631,814,152,420,60,362,43,39,121
12.24,11:33,930,489,767,862,176,485,73,47,40,435,125
12.24,11:38,1007,549,894,192,936,533,93,63,38,117,481
12.24,11:43,1071,619,213,1007,1055,587,119,84,52,144,506
12.24,11:48,1191,637,231,982,610,151,1209,99,52,471,168
12.24,11:53,1334,693,261,1009,638,99,56,212,495,181,1317
12.24,11:58,1364,720,1003,295,659,86,60,239,508,1328,208
12.24,12:3,1307,720,946,283,645,80,1203,50,221,527,193
12.24,12:8,1132,674,926,989,279,615,176,87,46,513,174
12.24,12:13,984,797,618,842,261,563,101,85,48,480,157
12.24,12:18,902,652,583,775,257,507,52,81,35,436,128
12.24,12:23,849,606,571,762,459,260,39,374,63,34,123
12.24,12:28,808,547,675,560,406,220,34,335,37,34,115
12.24,12:33,709,492,661,512,360,185,29,283,30,31,108
12.24,12:38,654,446,559,441,302,127,218,21,25,42,91
12.24,12:43,553,371,422,351,262,84,160,19,22,62,39
12.24,12:48,474,324,335,267,234,81,112,11,18,40,40
12.24,12:53,427,263,259,215,202,65,82,9,11,26,40
12.24,12:58,335,193,215,154,162,48,49,7,6,17,38
12.24,13:3,269,144,173,101,111,31,23,1,4,11,40
12.24,13:8,192,90,126,69,70,14,15,0,3,7,36
12.24,13:13,107,42,74,43,37,7,1,0,1,0,40
12.24,13:18,56,26,36,15,16,2,0,0,1,0,39
12.24,13:23,30,13,15,5,5,0,0,0,0,0,36
12.24,13:28,23,5,4,0,1,0,0,0,0,0,37
12.24,13:33,15,2,1,0,1,0,0,0,0,0,40
12.24,13:38,12,0,2,0,0,0,0,0,0,0,36
12.24,13:43,5,0,1,0,0,0,0,0,0,0,36
12.24,13:48,1,0,1,0,0,0,0,0,0,0,36
12.24,13:53,0,0,1,0,0,0,0,0,0,0,26
12.24,13:58,0,0,0,0,0,0,0,0,0,0,21
12.24,17:3,263,163,178,104,144,30,53,14,5,9,10
12.24,17:8,361,221,256,145,189,51,99,13,12,18,20
12.24,17:13,443,311,346,185,234,73,133,15,16,34,25
12.24,17:18,553,437,261,468,302,99,179,25,21,55,33
12.24,17:23,669,308,554,580,112,361,233,27,22,68,38
12.24,17:28,746,362,648,631,130,372,266,36,27,36,77
12.24,17:33,780,373,619,660,345,129,274,44,23,33,76
12.24,17:38,764,367,605,703,341,139,270,52,23,39,78
12.24,17:43,765,399,586,701,307,127,272,56,22,63,43
12.24,17:48,720,378,569,711,316,137,251,72,10,53,43
12.24,17:53,708,346,580,718,311,128,265,86,7,48,45
12.24,17:58,710,329,598,700,297,120,276,82,9,35,38
12.24,18:3,630,279,545,643,267,128,263,76,7,41,30
12.24,18:8,593,253,527,579,236,98,266,55,9,48,33
12.24,18:13,537,258,479,508,205,101,231,35,8,42,29
12.24,18:18,451,236,423,478,172,91,203,26,3,49,31
12.24,18:23,417,192,392,433,157,67,147,24,2,48,35
12.24,18:28,373,377,357,204,141,56,137,20,0,40,30
12.24,18:33,319,292,286,168,129,37,125,18,0,30,25
12.24,18:38,284,214,240,149,111,20,88,16,1,16,30
12.24,18:43,227,179,200,150,99,19,78,10,2,6,29
12.24,18:48,174,136,172,103,72,11,30,5,4,5,32
12.24,18:53,129,105,130,88,54,4,17,3,6,10,35
12.24,18:58,110,87,105,61,42,4,11,0,5,8,34
12.24,19:3,76,53,72,35,26,2,3,0,4,8,33
12.24,19:8,50,28,48,23,15,0,2,0,0,4,31
12.24,19:13,27,20,41,9,8,0,0,0,0,1,38
12.24,19:18,11,5,19,2,1,0,0,0,0,0,36
12.24,19:23,8,3,11,0,0,0,0,0,0,0,31
12.24,19:28,3,1,3,0,0,0,0,0,0,0,39
12.24,19:33,3,0,2,0,0,0,0,0,0,0,34
12.24,19:38,3,0,0,0,0,0,0,0,0,0,32
12.24,19:43,0,0,0,0,0,0,0,0,0,0,32
12.24,19:48,1,0,0,0,0,0,0,0,0,0,19
12.24,19:53,1,0,0,0,0,0,12,0,0,0,14
12.24,19:58,1,0,0,0,0,0,26,0,0,0,11
12.25,6:4,0,15,0,0,0,0,0,0,0,0,0
12.25,6:9,2,19,0,0,0,0,1,0,0,0,1
12.25,6:14,19,6,33,0,0,0,1,0,0,0,1
12.25,6:19,50,11,44,0,0,0,3,0,0,0,1
12.25,6:24,79,17,59,5,0,0,3,0,0,0,1
12.25,6:29,96,20,72,9,2,0,5,4,0,0,1
12.25,6:34,111,21,67,12,11,0,6,6,0,0,2
12.25,6:39,102,20,70,13,16,0,8,9,0,0,2
12.25,6:44,86,27,61,9,21,0,9,11,0,0,3
12.25,6:49,74,53,29,11,25,0,10,10,0,0,3
12.25,6:54,56,23,60,13,23,0,14,9,0,0,3
12.25,6:59,50,24,60,17,24,0,17,7,0,0,3
12.25,7:4,43,21,63,21,22,0,17,7,0,0,3
12.25,7:9,55,19,63,26,22,0,20,7,0,0,2
12.25,7:14,63,25,70,36,20,0,20,6,0,0,3
12.25,7:19,80,24,81,44,25,0,17,7,0,0,5
12.25,7:24,93,23,93,64,32,0,19,6,0,0,5
12.25,7:29,100,29,109,110,35,0,14,5,0,0,6
12.25,7:34,110,33,108,126,42,0,13,9,0,0,5
12.25,7:39,105,36,111,155,53,0,12,13,0,0,3
12.25,7:44,117,47,115,151,74,0,13,16,0,0,2
12.25,7:49,125,61,142,122,92,0,12,23,0,0,2
12.25,7:54,121,61,155,106,106,0,17,25,0,0,4
12.25,7:59,142,74,164,76,129,1,20,31,0,0,5
12.25,8:4,146,89,173,67,146,1,19,33,0,0,6
12.25,8:9,143,95,163,64,155,1,23,29,0,0,6
12.25,8:14,158,105,167,62,179,1,16,24,0,0,5
12.25,8:19,159,111,161,68,188,0,15,20,0,0,4
12.25,8:24,169,105,170,75,201,0,19,17,0,0,4
12.25,8:29,189,97,164,67,202,0,19,18,0,0,4
12.25,8:34,179,105,168,78,179,0,23,18,0,0,3
12.25,8:39,182,114,180,87,153,0,25,19,0,0,6
12.25,8:44,192,113,188,85,132,0,23,25,0,0,7
12.25,8:49,206,133,201,111,122,0,32,29,0,0,8
12.25,8:54,225,143,204,109,118,0,34,31,0,0,11
12.25,8:59,228,146,196,109,127,0,31,24,0,0,10
12.25,11:4,211,146,194,73,103,20,24,6,19,9,13
12.25,11:9,268,185,113,285,152,20,25,8,28,10,13
12.25,11:14,333,246,180,361,211,31,41,10,36,21,19
12.25,11:19,352,264,243,416,26,268,60,12,35,34,23
12.25,11:24,341,265,291,492,34,262,78,18,26,46,29
12.25,11:29,311,302,335,528,273,52,114,24,22,62,36
12.25,11:34,261,302,369,563,69,295,127,28,24,62,39
12.25,11:39,215,280,379,588,77,344,160,33,35,56,41
12.25,11:44,185,245,411,617,100,171,444,43,38,46,43
12.25,11:49,172,169,645,492,140,166,527,50,55,46,51
12.25,11:54,158,104,684,574,151,169,60,600,67,47,50
12.25,11:59,156,92,733,687,172,161,76,601,64,51,56
12.25,12:4,132,85,747,168,158,747,507,88,79,65,53
12.25,12:9,127,89,793,152,722,167,422,100,71,51,57
12.25,12:14,141,119,817,688,159,384,164,105,62,45,66
12.25,12:19,168,149,620,794,369,149,164,88,35,64,59
12.25,12:24,191,181,574,788,152,384,153,74,23,61,63
12.25,12:29,216,199,533,727,137,380,140,50,29,53,61
12.25,12:34,238,191,639,510,332,119,116,31,46,25,54
12.25,12:39,247,172,590,443,265,100,90,21,29,24,52
12.25,12:44,234,142,499,396,206,81,68,10,12,16,41
12.25,12:49,216,141,448,313,159,61,44,8,7,10,29
12.25,12:54,178,127,237,415,128,49,33,6,4,9,31
12.25,12:59,142,104,350,187,108,42,21,5,4,3,38
12.25,13:4,110,81,276,121,81,28,14,2,3,2,45
12.25,13:9,84,56,197,84,49,23,7,0,3,0,49
12.25,13:14,57,40,116,52,19,13,3,0,1,0,48
12.25,13:19,41,29,58,37,3,6,0,0,0,0,46
12.25,13:24,26,24,33,27,0,1,0,0,0,0,45
12.25,13:29,13,14,17,21,0,0,0,0,0,0,47
12.25,13:34,11,10,7,16,0,0,0,0,0,0,43
12.25,13:39,10,4,7,4,0,0,0,0,0,0,38
12.25,13:44,6,2,3,2,0,0,0,0,0,0,37
12.25,13:49,6,2,3,0,0,0,0,0,0,0,33
12.25,13:54,3,1,3,0,0,0,0,0,0,0,34
12.25,13:59,0,1,0,0,0,0,0,0,0,0,30
12.25,17:4,207,155,162,82,239,19,44,11,10,8,15
12.25,17:9,250,181,209,116,35,292,68,15,19,10,17
12.25,17:14,330,239,285,204,53,83,339,21,24,11,21
12.25,17:19,409,311,372,380,105,102,355,34,26,19,20
12.25,17:24,446,373,419,466,349,138,123,40,21,21,26
12.25,17:29,491,412,469,505,324,154,137,42,12,19,32
12.25,17:34,470,420,531,491,304,164,155,44,16,24,33
12.25,17:39,433,395,546,388,266,134,169,39,14,19,37
12.25,17:44,434,370,335,542,273,120,195,30,16,15,31
12.25,17:49,405,372,354,544,280,130,210,36,19,19,25
12.25,17:54,399,360,322,503,274,115,202,34,14,18,21
12.25,17:59,404,340,466,314,261,121,204,28,12,18,18
12.25,18:4,390,332,433,314,235,119,176,29,11,19,18
12.25,18:9,394,327,273,448,197,97,145,20,7,12,22
12.25,18:14,368,323,425,259,159,106,133,15,6,10,26
12.25,18:19,329,314,223,429,147,89,98,14,6,8,25
12.25,18:24,300,320,198,426,123,72,80,9,9,8,32
12.25,18:29,265,286,190,381,110,67,80,9,9,9,28
12.25,18:34,247,256,170,348,95,42,74,11,7,10,36
12.25,18:39,241,230,280,158,85,46,66,7,6,9,35
12.25,18:44,213,177,219,140,74,33,55,7,2,7,31
12.25,18:49,192,155,169,117,66,30,36,5,1,4,36
12.25,18:54,156,126,137,90,53,25,18,3,1,1,28
12.25,18:59,113,94,107,67,40,8,8,3,1,0,33
12.25,19:4,77,69,76,37,28,3,5,1,0,0,29
12.25,19:9,45,37,45,16,11,2,1,0,0,0,26
12.25,19:14,37,18,20,5,5,2,0,0,0,0,25
12.25,19:19,23,6,5,0,1,0,0,0,0,0,22
12.25,19:24,15,3,2,0,0,0,0,0,0,0,25
12.25,19:29,9,0,1,0,0,0,0,0,0,0,26
12.25,19:34,4,0,0,0,0,0,0,0,0,0,25
12.25,19:39,0,0,0,0,0,0,0,0,0,0,28
12.25,19:44,0,0,0,0,0,0,0,0,0,0,27
12.25,19:49,0,0,0,0,0,0,0,0,0,0,25
12.25,19:54,0,0,0,0,0,0,0,0,0,0,26
12.26,6:0,0,12,0,0,0,0,0,0,0,0,0
12.26,6:5,2,14,0,0,0,0,0,0,0,0,1
12.26,6:10,5,19,1,0,0,0,0,0,0,0,1
12.26,6:15,8,25,4,0,0,0,2,0,0,0,1
12.26,6:20,19,4,32,0,0,0,5,1,0,0,1
12.26,6:25,29,7,41,1,0,0,5,1,0,0,0
12.26,6:30,41,10,40,1,7,0,5,1,0,0,1
12.26,6:35,65,9,39,2,14,0,8,2,0,0,1
12.26,6:40,70,44,18,4,23,0,6,1,0,0,1
12.26,6:45,81,48,25,5,25,0,13,3,0,0,2
12.26,6:50,76,26,58,11,24,0,13,4,0,0,2
12.26,6:55,61,32,62,14,26,0,15,6,0,0,2
12.26,7:0,59,31,59,17,19,0,20,8,0,0,2
12.26,7:5,48,28,62,20,19,0,17,7,0,0,2
12.26,7:10,62,53,33,18,20,0,18,6,0,0,1
12.26,7:15,59,33,69,28,14,0,15,4,0,0,3
12.26,7:20,60,32,78,45,21,0,9,5,0,0,3
12.26,7:25,83,36,86,67,27,0,6,11,0,0,2
12.26,7:30,85,34,104,80,27,0,9,13,0,0,5
12.26,7:35,100,39,109,83,45,0,9,17,0,0,5
12.26,7:40,107,44,112,80,45,0,12,14,0,0,7
12.26,7:45,100,47,112,77,61,0,13,16,0,0,7
12.26,7:50,100,50,98,99,84,0,13,19,0,0,4
12.26,7:55,110,50,112,125,107,0,14,24,0,0,2
12.26,8:0,119,50,140,123,132,0,17,35,0,0,2
12.26,8:5,125,46,159,120,158,1,17,32,0,0,3
12.26,8:10,141,48,178,100,166,1,14,33,0,0,5
12.26,8:15,146,58,180,72,189,1,12,29,0,0,4
12.26,8:20,155,67,173,79,195,2,8,27,0,0,3
12.26,8:25,166,97,176,75,202,1,7,27,0,0,2
12.26,8:30,174,104,183,77,216,1,7,20,0,0,1
12.26,8:35,190,113,197,80,198,1,13,15,0,0,2
12.26,8:40,212,118,195,83,173,0,13,15,0,0,4
12.26,8:45,218,107,190,93,149,0,14,13,0,0,5
12.26,8:50,217,114,187,105,132,0,14,17,0,0,8
12.26,8:55,224,127,171,113,105,0,6,17,0,0,8
12.26,11:0,167,97,129,60,59,6,20,6,10,2,12
12.26,11:5,215,133,173,96,119,10,24,9,10,2,11
12.26,11:10,274,168,225,155,191,28,30,12,26,6,14
12.26,11:15,314,218,299,200,250,40,37,26,24,9,18
12.26,11:20,319,271,392,271,52,290,63,35,19,18,17
12.26,11:25,327,324,452,300,283,68,91,36,24,26,29
12.26,11:30,306,373,312,516,63,298,119,38,19,24,29
12.26,11:35,268,377,352,522,83,321,136,35,38,33,36
12.26,11:40,229,355,545,381,89,356,144,40,26,48,41
12.26,11:45,186,318,597,507,108,155,415,48,30,57,41
12.26,11:50,162,306,623,132,683,158,463,49,33,70,40
12.26,11:55,171,320,675,137,160,770,496,51,31,56,34
12.26,12:0,208,346,673,140,152,806,514,46,32,63,31
12.26,12:5,216,347,695,137,131,728,477,39,36,73,31
12.26,12:10,252,346,681,605,131,119,443,31,43,73,35
12.26,12:15,246,354,638,530,112,108,428,25,38,75,34
12.26,12:20,267,340,644,508,113,106,413,25,38,69,45
12.26,12:25,270,346,611,512,105,109,409,25,27,53,44
12.26,12:30,286,309,611,466,90,367,117,20,21,45,45
12.26,12:35,297,291,583,421,313,93,109,18,38,19,51
12.26,12:40,284,268,535,369,259,74,92,12,28,17,47
12.26,12:45,284,254,305,490,196,64,71,9,22,16,42
12.26,12:50,247,234,411,279,155,47,55,10,8,10,38
12.26,12:55,227,189,375,250,124,35,40,6,7,6,31
12.26,13:0,182,146,285,199,94,34,26,6,4,2,30
12.26,13:5,134,90,208,148,67,26,18,4,1,1,36
12.26,13:10,96,58,151,86,40,19,4,2,1,0,37
12.26,13:15,62,36,90,41,22,12,1,1,0,0,38
12.26,13:20,37,19,54,15,2,6,0,0,0,0,35
12.26,13:25,27,12,35,8,3,1,0,0,0,0,33
12.26,13:30,17,7,21,5,1,1,0,0,0,0,34
12.26,13:35,12,2,15,3,1,0,0,0,0,0,40
12.26,13:40,7,0,10,0,1,0,0,0,0,0,47
12.26,13:45,2,0,6,0,1,0,0,0,0,0,40
12.26,13:50,1,0,0,0,2,0,0,0,0,0,36
12.26,13:55,2,0,0,0,1,0,0,0,0,0,31
12.26,17:1,202,133,148,77,128,25,18,5,5,2,14
12.26,17:6,250,180,196,110,155,41,38,13,7,6,17
12.26,17:11,322,238,262,135,224,58,62,18,12,16,18
12.26,17:16,375,317,344,210,77,302,108,23,19,19,18
12.26,17:21,435,383,419,284,100,356,140,30,17,26,27
12.26,17:26,514,468,498,334,119,383,178,33,16,33,36
12.26,17:31,561,504,546,388,122,382,199,37,12,32,39
12.26,17:36,589,545,415,595,133,360,205,37,9,30,44
12.26,17:41,613,569,410,625,125,358,235,36,10,30,40
12.26,17:46,626,537,427,610,116,363,229,36,11,36,40
12.26,17:51,630,536,422,633,119,355,233,43,10,29,37
12.26,17:56,616,492,383,595,105,330,220,49,8,33,35
12.26,18:1,613,489,345,550,302,105,193,55,5,31,29
12.26,18:6,564,483,322,529,271,109,184,46,9,16,25
12.26,18:11,554,451,309,498,224,95,166,35,13,16,26
12.26,18:16,519,424,302,503,208,95,158,27,15,16,25
12.26,18:21,482,375,285,505,203,72,132,13,13,14,32
12.26,18:26,431,334,270,497,191,73,107,15,9,12,40
12.26,18:31,358,296,221,434,191,72,82,13,7,13,38
12.26,18:36,324,257,345,179,173,65,55,10,6,7,39
12.26,18:41,291,223,285,157,135,54,40,6,6,4,43
12.26,18:46,261,176,223,124,118,33,25,3,6,4,33
12.26,18:51,226,146,178,110,81,21,18,2,3,2,32
12.26,18:56,195,124,173,84,62,8,11,2,2,0,37
12.26,19:1,137,92,127,58,49,5,2,2,2,0,31
12.26,19:6,100,72,87,33,32,0,0,2,1,0,34
12.26,19:11,63,48,61,13,26,0,0,0,0,0,38
12.26,19:16,30,21,23,4,17,0,0,0,0,0,36
12.26,19:21,16,8,14,1,6,0,0,0,0,0,41
12.26,19:26,5,3,10,0,1,0,0,0,0,0,42
12.26,19:31,0,0,6,0,4,0,0,0,0,0,39
12.26,19:36,0,0,2,0,36,0,0,0,0,0,37
12.26,19:41,0,0,1,0,35,0,0,0,0,0,32
12.26,19:46,0,0,0,0,35,0,0,0,0,0,27
12.26,19:51,0,0,0,0,26,0,0,0,0,0,24
12.26,19:56,0,0,0,0,0,0,0,0,0,0,24
12.27,6:2,0,11,0,0,0,0,2,0,0,0,0
12.27,6:7,0,16,0,0,0,0,2,0,0,0,0
12.27,6:12,1,22,1,0,0,0,2,0,0,0,0
12.27,6:17,1,1,30,0,0,0,3,0,0,0,0
12.27,6:22,4,1,28,0,0,0,2,0,0,0,0
12.27,6:27,15,3,33,0,0,0,3,0,0,0,0
12.27,6:32,23,4,35,1,5,0,5,2,0,0,1
12.27,6:37,30,5,37,1,12,0,6,3,0,0,1
12.27,6:42,36,10,44,1,21,0,10,5,0,0,1
12.27,6:47,34,17,49,3,31,0,13,7,0,0,1
12.27,6:52,32,21,55,2,36,0,17,5,0,0,0
12.27,6:57,40,66,40,6,36,0,22,5,0,0,0
12.27,7:2,54,45,79,10,32,0,27,8,0,0,1
12.27,7:7,78,54,90,10,38,0,28,13,0,0,1
12.27,7:12,119,71,106,16,32,0,25,19,0,0,1
12.27,7:17,156,68,140,20,31,0,21,25,0,0,1
12.27,7:22,202,76,181,24,39,0,24,31,0,0,1
12.27,7:27,268,89,217,41,39,0,26,34,0,0,1
12.27,7:32,343,99,52,272,44,0,33,51,0,0,1
12.27,7:37,438,109,67,328,68,0,40,77,0,0,4
12.27,7:42,532,141,107,396,82,0,36,0,108,0,4
12.27,7:47,615,143,116,502,108,0,44,0,0,142,6
12.27,7:52,655,155,115,582,133,0,43,0,0,7,164
12.27,7:57,621,174,113,627,142,0,47,0,0,6,172
12.27,8:2,492,164,85,542,163,1,57,0,0,153,6
12.27,8:7,358,190,69,428,167,1,59,0,116,0,3
12.27,8:12,238,202,84,312,161,1,75,78,0,0,3
12.27,8:17,175,196,204,112,171,1,86,40,0,0,2
12.27,8:22,185,181,196,128,161,0,83,20,0,0,2
12.27,8:27,191,178,195,156,177,0,90,15,0,0,5
12.27,8:32,195,168,195,176,203,3,89,10,0,0,11
12.27,8:37,194,181,197,157,224,4,88,8,0,0,11
12.27,8:42,193,207,212,175,6,241,82,8,0,0,13
12.27,8:47,207,219,205,187,6,232,76,7,0,0,14
12.27,8:52,208,194,242,173,3,228,69,10,0,0,12
12.27,8:57,231,197,255,192,222,4,58,9,0,0,14
12.27,11:2,217,155,177,72,70,5,41,10,14,19,8
12.27,11:7,284,229,96,275,163,19,72,16,31,37,11
12.27,11:12,378,284,150,411,253,38,149,19,39,11,67
12.27,11:17,470,399,221,566,64,346,231,25,41,20,84
12.27,11:22,573,518,325,730,115,455,30,303,38,29,112
12.27,11:27,674,585,411,824,149,470,37,26,405,34,128
12.27,11:32,786,691,505,855,181,514,53,29,38,452,142
12.27,11:37,893,767,577,878,207,555,81,55,35,494,152
12.27,11:42,1040,614,867,945,250,112,616,63,34,177,547
12.27,11:47,1275,670,980,288,1077,158,655,82,45,550,203
12.27,11:52,1541,741,1001,321,662,77,53,210,1291,551,212
12.27,11:57,791,988,1720,345,65,661,56,241,550,225,1415
12.27,12:2,928,819,1717,352,622,63,57,252,520,227,1465
12.27,12:7,1526,941,813,334,601,70,44,215,1266,504,218
12.27,12:12,1270,707,909,1004,302,568,152,80,35,474,199
12.27,12:17,1059,786,661,908,263,526,104,62,29,468,177
12.27,12:22,960,615,588,865,240,490,61,66,30,435,138
12.27,12:27,909,532,542,766,407,210,47,375,42,32,114
12.27,12:32,812,483,673,526,350,181,42,332,26,39,92
12.27,12:37,728,434,535,445,313,140,258,30,28,71,41
12.27,12:42,599,359,429,369,262,98,198,26,21,53,39
12.27,12:47,452,301,367,279,241,76,151,19,20,29,38
12.27,12:52,380,262,313,210,225,60,104,8,18,20,36
12.27,12:57,304,213,266,144,171,51,66,1,14,10,36
12.27,13:2,265,176,185,128,120,33,44,0,5,7,38
12.27,13:7,218,136,114,94,77,19,24,0,2,4,43
12.27,13:12,141,80,73,55,30,10,10,0,0,1,42
12.27,13:17,83,46,39,30,12,6,4,0,0,0,39
12.27,13:22,38,19,14,11,6,4,2,0,0,0,38
12.27,13:27,20,9,10,1,6,1,0,0,0,0,33
12.27,13:32,8,7,2,0,2,0,0,0,0,0,37
12.27,13:37,8,1,1,0,4,0,0,0,0,0,37
12.27,13:42,6,1,0,0,4,0,0,0,0,0,31
12.27,13:47,3,0,0,0,3,0,0,0,0,0,30
12.27,13:52,3,0,0,0,3,0,0,0,0,0,27
12.27,13:57,0,0,0,0,3,0,0,0,0,0,25
12.27,17:2,440,209,278,107,123,41,38,11,4,28,13
12.27,17:7,660,293,153,408,194,56,79,19,10,40,21
12.27,17:12,879,238,467,566,264,87,146,26,13,54,40
12.27,17:18,1103,302,619,715,330,114,242,42,19,70,47
12.27,17:23,391,1308,744,893,151,385,59,334,23,75,56
12.27,17:28,469,1471,828,177,400,1023,67,14,392,79,66
12.27,17:33,507,856,184,1596,437,93,1123,14,424,84,62
12.27,17:38,537,841,187,446,1619,106,10,1195,434,88,61
12.27,17:43,564,821,1537,176,453,9,123,1165,419,57,92
12.27,17:48,530,1415,841,190,471,13,1142,144,405,49,106
12.27,17:53,1273,501,790,176,467,17,1131,149,420,47,103
12.27,17:58,1131,452,778,170,463,1045,17,141,404,41,96
12.27,18:3,1002,394,771,165,935,452,15,113,368,35,87
12.27,18:8,901,390,702,811,164,416,73,343,12,33,71
12.27,18:13,804,352,645,644,387,168,46,317,10,38,71
12.27,18:18,753,341,591,586,349,167,23,277,11,61,42
12.27,18:23,656,296,498,529,304,142,250,17,13,56,40
12.27,18:28,579,227,459,434,261,114,221,18,17,43,37
12.27,18:33,493,186,402,396,217,97,175,12,15,33,28
12.27,18:38,396,323,156,347,172,77,147,8,12,28,35
12.27,18:43,340,267,300,146,138,71,114,6,11,19,34
12.27,18:48,252,214,256,130,103,56,69,3,7,14,38
12.27,18:53,197,180,192,114,80,37,38,2,6,6,42
12.27,18:58,149,129,145,93,58,20,19,2,6,4,38
12.27,19:3,107,78,96,60,36,9,10,0,2,0,39
12.27,19:8,78,46,49,32,23,2,3,0,1,0,34
12.27,19:13,43,23,27,14,13,0,1,0,0,0,34
12.27,19:18,23,11,9,3,5,0,0,0,0,0,38
12.27,19:23,11,9,6,0,0,0,0,0,0,0,42
12.27,19:28,3,2,3,0,0,0,0,0,0,0,44
12.27,19:33,0,0,3,0,0,0,0,0,0,0,45
12.27,19:38,0,0,1,0,0,0,0,0,0,0,34
12.27,19:43,0,0,0,0,0,0,0,0,0,0,31
12.27,19:48,0,0,0,0,0,0,0,0,0,0,26
12.27,19:53,0,0,0,0,0,0,5,0,0,0,26
12.27,19:58,0,0,0,0,0,0,11,0,0,0,32
12.28,6:4,0,12,0,0,0,0,1,0,0,0,0
12.28,6:9,0,19,0,0,0,0,2,0,0,0,0
12.28,6:14,0,24,1,0,0,0,2,0,0,0,0
12.28,6:19,0,25,1,0,0,0,3,0,0,0,0
12.28,6:24,0,28,2,0,0,0,4,2,0,0,0
12.28,6:29,13,5,36,1,2,0,4,2,0,0,0
12.28,6:34,19,6,41,1,13,0,6,3,0,0,0
12.28,6:39,27,14,47,1,20,0,9,3,0,0,0
12.28,6:44,39,19,55,1,26,0,7,2,0,0,0
12.28,6:49,42,24,51,2,34,0,10,2,0,0,0
12.28,6:54,54,27,64,5,27,0,15,4,0,0,0
12.28,6:59,71,33,75,9,25,0,19,6,0,0,0
12.28,7:4,90,38,92,13,24,0,26,9,0,0,1
12.28,7:9,112,42,118,12,23,0,26,15,0,0,2
12.28,7:14,135,51,157,12,31,0,23,13,0,0,2
12.28,7:19,179,46,193,18,42,0,23,23,0,0,2
12.28,7:24,233,62,26,240,53,0,22,22,0,0,1
12.28,7:29,299,76,39,286,63,0,31,33,0,0,2
12.28,7:34,402,85,53,330,75,0,36,56,0,0,2
12.28,7:39,514,112,70,382,86,0,49,82,0,0,4
12.28,7:44,611,129,91,446,103,0,56,0,0,120,6
12.28,7:49,698,135,111,481,133,0,53,0,0,142,6
12.28,7:54,708,150,130,466,145,0,60,0,0,8,165
12.28,7:59,618,145,117,445,163,0,56,0,0,160,9
12.28,8:4,484,153,102,343,163,0,57,0,0,136,11
12.28,8:9,368,155,91,291,160,1,75,0,105,0,11
12.28,8:14,289,172,255,80,174,2,77,65,0,0,9
12.28,8:19,252,184,221,99,187,2,87,39,0,0,8
12.28,8:24,252,181,227,116,202,2,102,22,0,0,6
12.28,8:29,225,224,201,130,192,1,103,18,0,0,6
12.28,8:34,211,243,219,146,197,1,108,12,0,0,8
12.28,8:39,225,214,264,159,195,1,106,7,0,0,10
12.28,8:44,244,218,293,168,214,2,90,5,0,0,9
12.28,8:49,269,208,289,186,3,230,80,6,0,0,9
12.28,8:54,288,179,272,188,224,3,72,7,0,0,9
12.28,8:59,270,177,257,187,3,228,63,8,0,0,7
12.28,11:4,349,173,191,113,145,30,66,13,10,23,5
12.28,11:9,447,238,254,159,203,31,86,27,21,40,8
12.28,11:14,552,363,241,422,59,296,158,29,32,20,64
12.28,11:19,643,454,317,541,90,384,204,48,34,25,101
12.28,11:24,734,587,391,696,130,397,280,61,39,32,120
12.28,11:29,824,471,706,825,177,447,65,364,35,34,131
12.28,11:34,943,548,780,889,213,479,91,49,32,429,143
12.28,11:39,1067,633,909,253,995,518,99,64,38,492,152
12.28,11:44,1201,677,282,1050,1069,580,138,88,38,179,551
12.28,11:49,1402,721,328,609,1116,34,192,102,1220,203,571
12.28,11:54,1593,771,332,625,1129,33,93,242,568,226,1380
12.28,11:59,781,1668,343,1099,631,41,101,285,587,230,1406
12.28,12:4,1587,791,1072,356,639,47,101,267,1284,545,226
12.28,12:9,1369,733,1009,309,1068,610,99,52,213,482,216
12.28,12:14,1139,824,650,935,287,567,138,92,55,451,191
12.28,12:19,1015,626,575,864,263,515,76,69,422,46,163
12.28,12:24,935,575,538,796,222,465,46,43,400,46,145
12.28,12:29,875,484,497,719,419,197,29,30,377,42,121
12.28,12:34,761,435,606,450,379,158,21,314,21,44,101
12.28,12:39,627,380,480,402,315,124,226,18,17,40,75
12.28,12:44,537,303,397,346,256,95,167,15,17,54,36
12.28,12:49,438,230,311,291,203,68,132,10,14,37,35
12.28,12:54,385,183,283,222,171,49,95,10,13,21,30
12.28,12:59,340,161,244,167,152,28,72,6,10,11,36
12.28,13:4,261,135,163,118,135,16,43,3,8,4,44
12.28,13:9,198,108,110,88,102,7,16,1,5,1,43
12.28,13:14,123,74,58,64,68,4,8,0,2,0,49
12.28,13:19,56,36,28,30,34,0,2,0,0,0,41
12.28,13:24,39,12,15,12,8,0,0,0,0,0,38
12.28,13:29,17,8,5,5,4,0,0,0,0,0,35
12.28,13:34,9,4,0,2,2,0,0,0,0,0,29
12.28,13:39,6,2,0,1,1,0,0,0,0,0,30
12.28,13:44,1,2,0,0,0,0,0,0,0,0,28
12.28,13:49,1,0,0,0,0,0,0,0,0,0,26
12.28,13:54,0,0,0,0,0,0,0,0,0,0,26
12.28,13:59,0,0,0,0,1,0,0,0,0,0,23
12.28,17:4,425,267,253,137,157,36,69,15,8,17,18
12.28,17:9,550,182,356,415,239,63,117,29,18,26,20
12.28,17:14,733,238,499,564,320,111,207,48,33,36,21
12.28,17:19,922,291,637,722,140,385,292,64,34,50,33
12.28,17:24,1101,340,743,897,179,452,75,379,41,33,73
12.28,17:29,1209,425,837,205,468,992,93,34,423,49,97
12.28,17:34,1293,484,829,186,484,1049,105,22,436,56,107
12.28,17:39,1280,520,791,202,495,1033,19,120,435,52,112
12.28,17:44,1243,524,773,215,494,1057,14,133,435,56,119
12.28,17:49,1194,501,740,215,486,1119,16,138,424,45,103
12.28,17:54,1106,462,727,224,457,1121,15,145,407,48,95
12.28,17:59,1006,434,724,185,412,1031,16,122,372,79,50
12.28,18:4,922,394,714,354,161,923,340,103,16,57,43
12.28,18:9,818,365,654,730,314,140,303,76,14,45,39
12.28,18:14,735,332,618,630,295,113,271,41,10,48,45
12.28,18:19,661,306,565,559,266,122,237,28,7,46,35
12.28,18:24,595,279,487,497,246,94,196,13,4,43,42
12.28,18:29,523,399,242,435,219,71,174,6,1,37,39
12.28,18:34,477,317,342,220,170,72,132,3,2,30,33
12.28,18:39,425,248,271,185,143,42,98,3,3,24,33
12.28,18:44,340,209,230,164,110,39,68,3,4,18,32
12.28,18:49,277,172,203,130,89,28,44,1,4,12,40
12.28,18:54,204,129,178,80,70,11,29,1,3,9,40
12.28,18:59,142,96,143,63,43,7,20,1,1,3,45
12.28,19:4,127,47,96,35,29,0,10,0,1,0,46
12.28,19:9,100,30,54,20,14,0,2,0,1,0,43
12.28,19:14,63,25,28,12,8,0,1,0,1,0,45
12.28,19:19,41,12,12,3,3,0,0,0,0,0,43
12.28,19:24,14,8,5,1,1,0,0,0,0,0,41
12.28,19:29,4,3,4,0,0,0,0,0,0,0,33
12.28,19:34,1,1,2,0,0,0,0,0,0,0,28
12.28,19:39,0,0,1,0,0,0,0,0,0,0,26
12.28,19:44,0,0,0,0,0,0,0,0,0,0,23
12.28,19:49,0,0,0,0,0,0,0,0,0,0,30
12.28,19:54,0,0,0,0,0,0,25,0,0,0,33
12.28,19:59,0,0,0,0,0,0,35,0,0,0,34
12.29,6:0,0,4,0,0,0,0,0,0,0,0,0
12.29,6:5,0,9,0,0,0,0,2,0,0,0,0
12.29,6:10,0,10,1,0,0,0,2,0,0,0,0
12.29,6:15,0,20,2,0,0,0,3,0,0,0,0
12.29,6:20,8,24,3,0,0,0,5,0,0,0,0
12.29,6:25,15,4,31,0,0,0,3,1,0,0,0
12.29,6:30,23,7,38,2,6,0,4,1,0,0,0
12.29,6:35,32,11,40,2,12,0,4,2,0,0,1
12.29,6:40,42,19,47,2,17,0,11,4,0,0,1
12.29,6:45,38,46,32,3,21,0,11,4,0,0,1
12.29,6:50,41,51,35,4,24,0,15,6,0,0,1
12.29,6:55,50,57,38,4,28,0,21,5,0,0,0
12.29,7:0,55,67,50,5,29,0,27,6,0,0,0
12.29,7:5,81,45,76,6,35,0,38,10,0,0,0
12.29,7:10,116,48,99,11,38,0,34,15,0,0,0
12.29,7:15,165,55,131,19,31,0,31,24,0,0,0
12.29,7:20,202,54,177,27,35,0,24,28,0,0,0
12.29,7:25,264,70,221,34,44,0,18,25,0,0,1
12.29,7:30,351,89,41,279,56,0,29,36,0,0,1
12.29,7:35,438,112,74,327,77,0,35,55,0,0,3
12.29,7:40,539,120,121,361,89,0,41,81,0,0,3
12.29,7:45,643,139,161,453,106,0,47,0,112,0,4
12.29,7:50,690,157,208,501,129,0,54,0,0,123,7
12.29,7:55,704,167,211,517,148,0,57,0,0,133,6
12.29,8:0,619,170,175,469,171,0,62,0,118,0,7
12.29,8:5,481,155,154,375,175,0,66,92,0,0,6
12.29,8:10,361,146,294,130,159,1,73,64,0,0,6
12.29,8:15,263,161,236,118,156,1,87,31,0,0,9
12.29,8:20,276,185,214,125,167,1,86,20,0,0,8
12.29,8:25,286,216,196,123,182,3,93,19,0,0,9
12.29,8:30,284,233,214,127,197,3,90,19,0,0,6
12.29,8:35,285,202,256,174,214,3,84,16,0,0,5
12.29,8:40,263,203,265,205,3,226,93,14,0,0,9
12.29,8:45,250,213,275,229,1,226,86,11,0,0,10
12.29,8:50,246,223,275,254,0,226,80,9,0,0,12
12.29,8:55,250,233,285,214,0,234,65,13,0,0,10
12.29,11:0,195,166,159,92,53,24,35,13,5,17,17
12.29,11:5,288,234,232,131,138,32,66,22,25,27,22
12.29,11:10,377,319,191,391,228,51,109,29,36,50,23
12.29,11:15,495,388,250,515,307,85,173,37,49,33,78
12.29,11:20,583,506,320,648,107,386,278,46,51,34,109
12.29,11:25,725,390,615,742,148,406,56,359,38,41,148
12.29,11:30,902,476,777,800,190,452,70,51,417,46,157
12.29,11:35,1008,530,864,939,199,493,88,60,46,447,165
12.29,11:40,1107,600,901,247,1007,549,115,78,436,44,174
12.29,11:45,1184,663,916,242,1071,568,137,83,35,454,167
12.29,11:50,1346,715,937,260,595,1182,178,39,93,492,187
12.29,11:55,1513,956,801,281,646,94,200,49,1237,497,196
12.29,12:0,1552,942,277,837,660,187,1205,100,52,489,197
12.29,12:5,1467,956,256,861,1115,153,648,433,53,110,192
12.29,12:10,1248,922,931,253,814,98,375,646,104,52,174
12.29,12:15,1044,753,867,752,251,49,572,368,92,40,149
12.29,12:20,937,649,821,662,215,508,30,354,68,36,127
12.29,12:25,895,593,748,591,428,221,24,351,43,38,108
12.29,12:30,824,549,683,547,355,186,20,316,27,36,94
12.29,12:35,736,458,591,503,322,138,16,258,15,40,81
12.29,12:40,627,394,507,445,261,115,184,14,13,65,42
12.29,12:45,534,306,404,362,209,90,141,15,12,43,45
12.29,12:50,475,242,313,283,178,57,103,11,10,24,42
12.29,12:55,412,211,291,213,140,52,73,8,9,18,41
12.29,13:0,339,168,230,154,92,30,53,6,7,8,41
12.29,13:5,231,132,171,106,64,13,26,1,5,3,39
12.29,13:10,148,83,119,70,32,11,10,1,3,0,35
12.29,13:15,83,57,60,31,12,0,3,0,2,0,31
12.29,13:20,48,38,30,12,5,0,1,0,0,0,31
12.29,13:25,45,24,17,8,2,0,0,0,0,0,31
12.29,13:30,31,14,6,3,2,0,0,0,0,0,35
12.29,13:35,21,9,4,3,2,0,0,0,0,0,29
12.29,13:40,15,2,2,1,1,0,0,0,0,0,19
12.29,13:45,4,1,0,0,2,0,0,0,0,0,15
12.29,13:50,0,1,0,0,2,0,0,0,0,0,13
12.29,13:55,1,0,0,0,1,0,0,0,0,0,15
12.29,17:0,308,155,226,94,101,34,31,7,8,13,14
12.29,17:5,463,207,277,128,153,42,70,13,11,20,14
12.29,17:10,613,322,206,411,234,75,140,25,20,29,25
12.29,17:15,776,292,484,574,305,117,226,39,36,50,29
12.29,17:20,972,367,620,741,141,380,61,311,34,31,73
12.29,17:25,1157,474,784,177,926,426,87,362,41,79,48
12.29,17:30,1259,527,824,194,435,1011,115,376,41,42,93
12.29,17:35,1360,547,842,195,462,1064,25,127,393,42,96
12.29,17:40,1328,549,867,201,468,1054,26,129,404,45,100
12.29,17:45,1257,515,821,190,973,461,112,20,404,39,110
12.29,17:50,1163,482,778,904,197,459,81,16,405,44,98
12.29,17:55,1026,464,710,771,186,430,61,20,371,49,82
12.29,18:0,887,452,631,658,384,186,42,339,17,53,43
12.29,18:5,755,589,410,583,351,184,36,308,16,46,41
12.29,18:10,730,531,373,560,307,160,269,33,18,39,45
12.29,18:15,719,327,530,562,287,141,235,27,13,43,52
12.29,18:20,673,281,500,516,265,121,205,19,14,44,56
12.29,18:25,650,451,259,486,246,99,176,14,14,35,54
12.29,18:30,570,417,224,429,230,94,171,7,8,32,48
12.29,18:35,497,343,183,377,197,82,146,8,7,21,41
12.29,18:40,412,285,321,157,159,63,110,7,6,16,36
12.29,18:45,340,240,251,139,112,53,77,4,2,11,35
12.29,18:50,251,198,218,122,87,36,42,3,2,9,39
12.29,18:55,179,162,158,103,63,19,25,0,3,5,35
12.29,19:0,135,118,111,71,47,12,14,0,1,3,36
12.29,19:5,86,70,72,46,27,4,11,0,1,2,35
12.29,19:11,57,43,41,21,15,0,4,0,1,1,33
12.29,19:16,34,22,18,4,2,0,1,0,0,0,37
12.29,19:21,17,7,7,3,0,0,1,0,0,0,38
12.29,19:26,8,1,6,0,0,0,0,0,0,0,34
12.29,19:31,3,1,4,0,0,0,0,0,0,0,35
12.29,19:36,0,1,1,0,0,0,0,0,0,0,28
12.29,19:41,0,0,0,0,0,0,0,0,0,0,28
12.29,19:46,0,0,0,0,0,0,0,0,0,0,30
12.29,19:51,0,0,0,0,0,0,0,0,0,0,25
12.29,19:56,0,0,0,0,0,0,12,0,0,0,26
12.30,6:1,0,5,0,0,0,0,0,0,0,0,0
12.30,6:6,0,10,0,0,0,0,2,0,0,0,0
12.30,6:11,0,15,1,0,0,0,2,0,0,0,0
12.30,6:16,1,19,1,0,0,0,3,0,0,0,0
12.30,6:21,2,26,1,0,0,0,4,0,0,0,1
12.30,6:26,5,2,36,0,0,0,4,1,0,0,1
12.30,6:31,20,3,42,0,9,0,8,1,0,0,1
12.30,6:36,28,6,48,1,17,0,11,2,0,0,1
12.30,6:41,44,9,50,1,26,0,12,2,0,0,0
12.30,6:46,57,48,23,2,37,0,13,1,0,0,0
12.30,6:51,63,47,28,4,37,0,20,3,0,0,1
12.30,6:56,77,35,73,7,34,0,27,3,0,0,1
12.30,7:1,72,48,79,9,31,0,34,8,0,0,1
12.30,7:6,83,51,93,9,25,0,47,10,0,0,2
12.30,7:11,92,56,112,11,21,0,43,10,0,0,2
12.30,7:16,121,71,124,14,22,0,36,18,0,0,2
12.30,7:21,172,80,161,20,27,0,33,28,0,0,3
12.30,7:26,229,101,195,26,44,0,30,33,0,0,4
12.30,7:31,333,123,36,238,62,0,42,50,0,0,5
12.30,7:36,444,144,66,270,86,0,52,66,0,0,5
12.30,7:41,562,159,98,328,103,0,58,81,0,0,5
12.30,7:46,678,173,128,392,120,0,55,0,0,119,3
12.30,7:51,734,158,156,462,146,0,60,0,0,142,3
12.30,7:56,723,136,140,517,159,0,66,0,0,148,3
12.30,8:1,596,147,120,462,175,1,63,0,0,139,4
12.30,8:6,457,125,120,379,192,1,64,0,100,0,5
12.30,8:11,319,157,302,112,195,1,61,68,0,0,6
12.30,8:16,230,173,249,138,193,2,63,45,0,0,7
12.30,8:21,232,178,253,168,207,2,75,30,0,0,9
12.30,8:26,241,204,269,164,219,2,82,24,0,0,8
12.30,8:31,253,199,262,156,222,2,83,15,0,0,10
12.30,8:36,259,207,266,152,2,233,86,9,0,0,12
12.30,8:41,267,207,264,136,220,1,80,4,0,0,11
12.30,8:46,262,197,256,151,211,2,73,4,0,0,16
12.30,8:51,248,196,250,170,219,2,66,7,0,0,15
12.30,8:56,254,193,249,192,2,226,59,6,0,0,15
12.30,11:1,270,151,233,107,68,12,40,0,11,15,11
12.30,11:6,399,246,137,325,154,24,77,6,22,25,13
12.30,11:11,503,338,191,422,224,49,130,14,35,42,17
12.30,11:16,603,430,251,578,88,326,204,25,42,20,69
12.30,11:21,673,332,532,691,127,396,28,289,41,26,91
12.30,11:26,773,403,607,752,170,438,42,374,45,39,119
12.30,11:31,887,451,666,796,190,491,46,48,420,38,132
12.30,11:36,988,540,755,773,192,502,58,71,41,458,144
12.30,11:41,1069,800,633,898,198,532,90,81,44,477,167
12.30,11:46,1210,701,882,217,559,1081,126,80,39,482,188
12.30,11:51,1382,931,779,246,567,88,192,51,507,1304,201
12.30,11:56,1489,764,281,1038,595,72,57,242,526,217,1419
12.30,12:1,1472,751,280,1014,615,73,62,246,509,1340,218
12.30,12:6,1287,736,988,278,605,1149,97,56,223,492,204
12.30,12:11,1057,663,878,950,273,583,161,436,99,46,196
12.30,12:16,913,692,659,841,246,529,106,401,88,45,157
12.30,12:21,859,594,582,778,465,247,73,349,74,36,122
12.30,12:26,819,536,524,708,419,221,55,317,44,37,88
12.30,12:31,760,466,607,497,340,188,274,41,25,54,35
12.30,12:36,652,384,542,405,294,175,213,30,20,44,32
12.30,12:41,532,332,456,362,258,128,159,19,17,27,35
12.30,12:46,461,268,378,311,200,101,106,10,17,26,41
12.30,12:51,366,222,330,255,176,82,69,5,10,19,48
12.30,12:56,272,183,275,204,126,58,46,2,7,12,47
12.30,13:1,203,122,205,150,93,45,27,1,4,7,47
12.30,13:6,143,85,147,102,55,24,13,0,2,0,41
12.30,13:11,81,47,97,57,31,12,7,0,1,0,41
12.30,13:16,51,20,49,32,19,3,0,0,0,0,40
12.30,13:21,36,16,32,14,3,0,0,0,0,0,34
12.30,13:26,23,10,13,7,3,0,0,0,0,0,35
12.30,13:31,12,6,5,3,2,0,0,0,0,0,34
12.30,13:36,9,3,2,0,4,0,0,0,0,0,31
12.30,13:41,6,1,0,0,4,0,0,0,0,0,32
12.30,13:46,4,1,0,0,4,0,0,0,0,0,23
12.30,13:51,4,1,0,0,3,0,0,0,0,0,15
12.30,13:56,2,0,0,0,2,0,0,0,0,0,15
12.30,17:1,324,171,234,94,141,26,39,16,2,12,15
12.30,17:6,452,271,122,331,205,47,84,23,5,19,17
12.30,17:12,598,164,418,445,281,85,127,33,20,43,24
12.30,17:17,749,224,541,579,114,346,190,40,31,56,24
12.30,17:22,927,297,669,756,372,167,255,48,33,35,78
12.30,17:27,1052,383,725,872,400,192,290,58,32,40,94
12.30,17:32,1118,428,690,183,414,954,309,70,25,38,79
12.30,17:37,1164,494,731,201,427,1025,317,87,18,45,80
12.30,17:42,1157,695,529,182,436,1044,312,109,16,35,77
12.30,17:47,1164,514,690,187,442,1073,326,21,124,36,72
12.30,17:52,1138,491,691,419,199,1060,343,18,136,37,77
12.30,17:57,1077,462,690,391,177,982,309,19,132,39,74
12.30,18:2,962,404,695,363,885,169,295,103,19,60,46
12.30,18:7,838,363,678,794,344,139,262,78,15,55,43
12.30,18:12,692,338,612,644,104,336,230,39,11,48,46
12.30,18:17,582,304,544,573,320,104,231,20,10,43,40
12.30,18:22,528,463,454,285,284,76,183,14,9,43,33
12.30,18:27,491,391,415,264,245,72,180,8,8,28,35
12.30,18:32,466,355,372,222,192,58,163,7,6,23,36
12.30,18:37,424,294,308,184,148,40,124,7,4,24,33
12.30,18:42,345,268,268,147,108,42,105,6,3,21,35
12.30,18:47,276,222,208,133,94,27,60,4,2,15,41
12.30,18:52,230,181,161,117,72,22,27,3,2,13,37
12.30,18:57,184,113,143,87,53,12,20,3,1,7,42
12.30,19:2,135,92,71,64,38,4,14,2,0,2,41
12.30,19:7,93,66,42,36,25,0,9,2,0,1,44
12.30,19:12,51,35,26,13,19,0,5,0,0,0,46
12.30,19:17,26,15,10,6,8,0,0,0,0,0,51
12.30,19:22,8,6,4,3,3,0,0,0,0,0,54
12.30,19:27,3,0,3,0,1,0,0,0,0,0,45
12.30,19:32,2,0,0,0,1,0,0,0,0,0,39
12.30,19:37,0,0,0,0,1,0,0,0,0,0,27
12.30,19:42,0,0,0,0,0,0,0,0,0,0,21
12.30,19:47,0,0,0,0,0,0,0,0,0,0,16
12.30,19:52,0,0,0,0,0,0,0,0,0,0,20
12.30,19:57,0,0,0,0,0,0,12,0,0,0,28
